Rank,winner_team,ptsw,win,Year
1,Brazil,44,1,1993
2,Germany,41,0.931818181818182,1993
3,Italy,31,0.704545454545455,1993
4,Argentina,24,0.545454545454545,1993
5,England,18,0.409090909090909,1993
6,France,15,0.340909090909091,1993
7,Hungary,15,0.340909090909091,1993
8,Soviet Union,15,0.340909090909091,1993
9,Uruguay,15,0.340909090909091,1993
10,Yugoslavia,14,0.318181818181818,1993
11,Poland,13,0.295454545454545,1993
12,Spain,13,0.295454545454545,1993
13,Austria,12,0.272727272727273,1993
14,Sweden,12,0.272727272727273,1993
15,Czechoslovakia,11,0.25,1993
16,Netherlands,8,0.181818181818182,1993
17,Belgium,7,0.159090909090909,1993
18,Chile,7,0.159090909090909,1993
19,Mexico,6,0.136363636363636,1993
20,Portugal,6,0.136363636363636,1993
21,Switzerland,5,0.113636363636364,1993
22,Peru,4,0.0909090909090909,1993
23,Scotland,4,0.0909090909090909,1993
24,Cameroon,3,0.0681818181818182,1993
25,Denmark,3,0.0681818181818182,1993
26,Northern Ireland,3,0.0681818181818182,1993
27,Paraguay,3,0.0681818181818182,1993
28,Romania,3,0.0681818181818182,1993
29,United States,3,0.0681818181818182,1993
30,Algeria,2,0.0454545454545455,1993
31,Costa Rica,2,0.0454545454545455,1993
32,Colombia,1,0.0227272727272727,1993
33,Cuba,1,0.0227272727272727,1993
34,Morocco,1,0.0227272727272727,1993
35,North Korea,1,0.0227272727272727,1993
36,Tunisia,1,0.0227272727272727,1993
37,Turkey,1,0.0227272727272727,1993
38,Wales,1,0.0227272727272727,1993
1,Brazil,49,1,1994
2,Germany,44,0.897959183673469,1994
3,Italy,35,0.714285714285714,1994
4,Argentina,26,0.530612244897959,1994
5,England,18,0.36734693877551,1994
6,France,15,0.306122448979592,1994
7,Hungary,15,0.306122448979592,1994
8,Soviet Union,15,0.306122448979592,1994
9,Spain,15,0.306122448979592,1994
10,Sweden,15,0.306122448979592,1994
11,Uruguay,15,0.306122448979592,1994
12,Yugoslavia,14,0.285714285714286,1994
13,Poland,13,0.26530612244898,1994
14,Austria,12,0.244897959183673,1994
15,Czechoslovakia,11,0.224489795918367,1994
16,Netherlands,11,0.224489795918367,1994
17,Belgium,9,0.183673469387755,1994
18,Chile,7,0.142857142857143,1994
19,Mexico,7,0.142857142857143,1994
20,Portugal,6,0.122448979591837,1994
21,Romania,6,0.122448979591837,1994
22,Switzerland,6,0.122448979591837,1994
23,Peru,4,0.0816326530612245,1994
24,Scotland,4,0.0816326530612245,1994
25,United States,4,0.0816326530612245,1994
26,Bulgaria,3,0.0612244897959184,1994
27,Cameroon,3,0.0612244897959184,1994
28,Denmark,3,0.0612244897959184,1994
29,Northern Ireland,3,0.0612244897959184,1994
30,Paraguay,3,0.0612244897959184,1994
31,Algeria,2,0.0408163265306122,1994
32,Colombia,2,0.0408163265306122,1994
33,Costa Rica,2,0.0408163265306122,1994
34,Nigeria,2,0.0408163265306122,1994
35,Saudi Arabia,2,0.0408163265306122,1994
36,Cuba,1,0.0204081632653061,1994
37,Morocco,1,0.0204081632653061,1994
38,North Korea,1,0.0204081632653061,1994
39,Norway,1,0.0204081632653061,1994
40,Republic of Ireland,1,0.0204081632653061,1994
41,Russia,1,0.0204081632653061,1994
42,Tunisia,1,0.0204081632653061,1994
43,Turkey,1,0.0204081632653061,1994
44,Wales,1,0.0204081632653061,1994
1,Brazil,49,1,1995
2,Germany,44,0.897959183673469,1995
3,Italy,35,0.714285714285714,1995
4,Argentina,26,0.530612244897959,1995
5,England,18,0.36734693877551,1995
6,France,15,0.306122448979592,1995
7,Hungary,15,0.306122448979592,1995
8,Soviet Union,15,0.306122448979592,1995
9,Spain,15,0.306122448979592,1995
10,Sweden,15,0.306122448979592,1995
11,Uruguay,15,0.306122448979592,1995
12,Yugoslavia,14,0.285714285714286,1995
13,Poland,13,0.26530612244898,1995
14,Austria,12,0.244897959183673,1995
15,Czechoslovakia,11,0.224489795918367,1995
16,Netherlands,11,0.224489795918367,1995
17,Belgium,9,0.183673469387755,1995
18,Chile,7,0.142857142857143,1995
19,Mexico,7,0.142857142857143,1995
20,Portugal,6,0.122448979591837,1995
21,Romania,6,0.122448979591837,1995
22,Switzerland,6,0.122448979591837,1995
23,Peru,4,0.0816326530612245,1995
24,Scotland,4,0.0816326530612245,1995
25,United States,4,0.0816326530612245,1995
26,Bulgaria,3,0.0612244897959184,1995
27,Cameroon,3,0.0612244897959184,1995
28,Denmark,3,0.0612244897959184,1995
29,Northern Ireland,3,0.0612244897959184,1995
30,Paraguay,3,0.0612244897959184,1995
31,Algeria,2,0.0408163265306122,1995
32,Colombia,2,0.0408163265306122,1995
33,Costa Rica,2,0.0408163265306122,1995
34,Nigeria,2,0.0408163265306122,1995
35,Saudi Arabia,2,0.0408163265306122,1995
36,Cuba,1,0.0204081632653061,1995
37,Morocco,1,0.0204081632653061,1995
38,North Korea,1,0.0204081632653061,1995
39,Norway,1,0.0204081632653061,1995
40,Republic of Ireland,1,0.0204081632653061,1995
41,Russia,1,0.0204081632653061,1995
42,Tunisia,1,0.0204081632653061,1995
43,Turkey,1,0.0204081632653061,1995
44,Wales,1,0.0204081632653061,1995
1,Brazil,49,1,1996
2,Germany,44,0.897959183673469,1996
3,Italy,35,0.714285714285714,1996
4,Argentina,26,0.530612244897959,1996
5,England,18,0.36734693877551,1996
6,France,15,0.306122448979592,1996
7,Hungary,15,0.306122448979592,1996
8,Soviet Union,15,0.306122448979592,1996
9,Spain,15,0.306122448979592,1996
10,Sweden,15,0.306122448979592,1996
11,Uruguay,15,0.306122448979592,1996
12,Yugoslavia,14,0.285714285714286,1996
13,Poland,13,0.26530612244898,1996
14,Austria,12,0.244897959183673,1996
15,Czechoslovakia,11,0.224489795918367,1996
16,Netherlands,11,0.224489795918367,1996
17,Belgium,9,0.183673469387755,1996
18,Chile,7,0.142857142857143,1996
19,Mexico,7,0.142857142857143,1996
20,Portugal,6,0.122448979591837,1996
21,Romania,6,0.122448979591837,1996
22,Switzerland,6,0.122448979591837,1996
23,Peru,4,0.0816326530612245,1996
24,Scotland,4,0.0816326530612245,1996
25,United States,4,0.0816326530612245,1996
26,Bulgaria,3,0.0612244897959184,1996
27,Cameroon,3,0.0612244897959184,1996
28,Denmark,3,0.0612244897959184,1996
29,Northern Ireland,3,0.0612244897959184,1996
30,Paraguay,3,0.0612244897959184,1996
31,Algeria,2,0.0408163265306122,1996
32,Colombia,2,0.0408163265306122,1996
33,Costa Rica,2,0.0408163265306122,1996
34,Nigeria,2,0.0408163265306122,1996
35,Saudi Arabia,2,0.0408163265306122,1996
36,Cuba,1,0.0204081632653061,1996
37,Morocco,1,0.0204081632653061,1996
38,North Korea,1,0.0204081632653061,1996
39,Norway,1,0.0204081632653061,1996
40,Republic of Ireland,1,0.0204081632653061,1996
41,Russia,1,0.0204081632653061,1996
42,Tunisia,1,0.0204081632653061,1996
43,Turkey,1,0.0204081632653061,1996
44,Wales,1,0.0204081632653061,1996
1,Brazil,49,1,1997
2,Germany,44,0.897959183673469,1997
3,Italy,35,0.714285714285714,1997
4,Argentina,26,0.530612244897959,1997
5,England,18,0.36734693877551,1997
6,France,15,0.306122448979592,1997
7,Hungary,15,0.306122448979592,1997
8,Soviet Union,15,0.306122448979592,1997
9,Spain,15,0.306122448979592,1997
10,Sweden,15,0.306122448979592,1997
11,Uruguay,15,0.306122448979592,1997
12,Yugoslavia,14,0.285714285714286,1997
13,Poland,13,0.26530612244898,1997
14,Austria,12,0.244897959183673,1997
15,Czechoslovakia,11,0.224489795918367,1997
16,Netherlands,11,0.224489795918367,1997
17,Belgium,9,0.183673469387755,1997
18,Chile,7,0.142857142857143,1997
19,Mexico,7,0.142857142857143,1997
20,Portugal,6,0.122448979591837,1997
21,Romania,6,0.122448979591837,1997
22,Switzerland,6,0.122448979591837,1997
23,Peru,4,0.0816326530612245,1997
24,Scotland,4,0.0816326530612245,1997
25,United States,4,0.0816326530612245,1997
26,Bulgaria,3,0.0612244897959184,1997
27,Cameroon,3,0.0612244897959184,1997
28,Denmark,3,0.0612244897959184,1997
29,Northern Ireland,3,0.0612244897959184,1997
30,Paraguay,3,0.0612244897959184,1997
31,Algeria,2,0.0408163265306122,1997
32,Colombia,2,0.0408163265306122,1997
33,Costa Rica,2,0.0408163265306122,1997
34,Nigeria,2,0.0408163265306122,1997
35,Saudi Arabia,2,0.0408163265306122,1997
36,Cuba,1,0.0204081632653061,1997
37,Morocco,1,0.0204081632653061,1997
38,North Korea,1,0.0204081632653061,1997
39,Norway,1,0.0204081632653061,1997
40,Republic of Ireland,1,0.0204081632653061,1997
41,Russia,1,0.0204081632653061,1997
42,Tunisia,1,0.0204081632653061,1997
43,Turkey,1,0.0204081632653061,1997
44,Wales,1,0.0204081632653061,1997
1,Brazil,53,1,1998
2,Germany,47,0.886792452830189,1998
3,Italy,38,0.716981132075472,1998
4,Argentina,29,0.547169811320755,1998
5,France,21,0.39622641509434,1998
6,England,20,0.377358490566038,1998
7,Spain,16,0.30188679245283,1998
8,Hungary,15,0.283018867924528,1998
9,Soviet Union,15,0.283018867924528,1998
10,Sweden,15,0.283018867924528,1998
11,Uruguay,15,0.283018867924528,1998
12,Netherlands,14,0.264150943396226,1998
13,Yugoslavia,14,0.264150943396226,1998
14,Poland,13,0.245283018867925,1998
15,Austria,12,0.226415094339623,1998
16,Czechoslovakia,11,0.207547169811321,1998
17,Belgium,9,0.169811320754717,1998
18,Mexico,8,0.150943396226415,1998
19,Romania,8,0.150943396226415,1998
20,Chile,7,0.132075471698113,1998
21,Portugal,6,0.113207547169811,1998
22,Switzerland,6,0.113207547169811,1998
23,Croatia,5,0.0943396226415094,1998
24,Denmark,5,0.0943396226415094,1998
25,Nigeria,4,0.0754716981132076,1998
26,Paraguay,4,0.0754716981132076,1998
27,Peru,4,0.0754716981132076,1998
28,Scotland,4,0.0754716981132076,1998
29,United States,4,0.0754716981132076,1998
30,Bulgaria,3,0.0566037735849057,1998
31,Cameroon,3,0.0566037735849057,1998
32,Colombia,3,0.0566037735849057,1998
33,Northern Ireland,3,0.0566037735849057,1998
34,Algeria,2,0.0377358490566038,1998
35,Costa Rica,2,0.0377358490566038,1998
36,FR Yugoslavia,2,0.0377358490566038,1998
37,Morocco,2,0.0377358490566038,1998
38,Norway,2,0.0377358490566038,1998
39,Saudi Arabia,2,0.0377358490566038,1998
40,Cuba,1,0.0188679245283019,1998
41,Iran,1,0.0188679245283019,1998
42,Jamaica,1,0.0188679245283019,1998
43,North Korea,1,0.0188679245283019,1998
44,Republic of Ireland,1,0.0188679245283019,1998
45,Russia,1,0.0188679245283019,1998
46,Tunisia,1,0.0188679245283019,1998
47,Turkey,1,0.0188679245283019,1998
48,Wales,1,0.0188679245283019,1998
1,Brazil,53,1,1999
2,Germany,47,0.886792452830189,1999
3,Italy,38,0.716981132075472,1999
4,Argentina,29,0.547169811320755,1999
5,France,21,0.39622641509434,1999
6,England,20,0.377358490566038,1999
7,Spain,16,0.30188679245283,1999
8,Hungary,15,0.283018867924528,1999
9,Soviet Union,15,0.283018867924528,1999
10,Sweden,15,0.283018867924528,1999
11,Uruguay,15,0.283018867924528,1999
12,Netherlands,14,0.264150943396226,1999
13,Yugoslavia,14,0.264150943396226,1999
14,Poland,13,0.245283018867925,1999
15,Austria,12,0.226415094339623,1999
16,Czechoslovakia,11,0.207547169811321,1999
17,Belgium,9,0.169811320754717,1999
18,Mexico,8,0.150943396226415,1999
19,Romania,8,0.150943396226415,1999
20,Chile,7,0.132075471698113,1999
21,Portugal,6,0.113207547169811,1999
22,Switzerland,6,0.113207547169811,1999
23,Croatia,5,0.0943396226415094,1999
24,Denmark,5,0.0943396226415094,1999
25,Nigeria,4,0.0754716981132076,1999
26,Paraguay,4,0.0754716981132076,1999
27,Peru,4,0.0754716981132076,1999
28,Scotland,4,0.0754716981132076,1999
29,United States,4,0.0754716981132076,1999
30,Bulgaria,3,0.0566037735849057,1999
31,Cameroon,3,0.0566037735849057,1999
32,Colombia,3,0.0566037735849057,1999
33,Northern Ireland,3,0.0566037735849057,1999
34,Algeria,2,0.0377358490566038,1999
35,Costa Rica,2,0.0377358490566038,1999
36,FR Yugoslavia,2,0.0377358490566038,1999
37,Morocco,2,0.0377358490566038,1999
38,Norway,2,0.0377358490566038,1999
39,Saudi Arabia,2,0.0377358490566038,1999
40,Cuba,1,0.0188679245283019,1999
41,Iran,1,0.0188679245283019,1999
42,Jamaica,1,0.0188679245283019,1999
43,North Korea,1,0.0188679245283019,1999
44,Republic of Ireland,1,0.0188679245283019,1999
45,Russia,1,0.0188679245283019,1999
46,Tunisia,1,0.0188679245283019,1999
47,Turkey,1,0.0188679245283019,1999
48,Wales,1,0.0188679245283019,1999
1,Brazil,53,1,2000
2,Germany,47,0.886792452830189,2000
3,Italy,38,0.716981132075472,2000
4,Argentina,29,0.547169811320755,2000
5,France,21,0.39622641509434,2000
6,England,20,0.377358490566038,2000
7,Spain,16,0.30188679245283,2000
8,Hungary,15,0.283018867924528,2000
9,Soviet Union,15,0.283018867924528,2000
10,Sweden,15,0.283018867924528,2000
11,Uruguay,15,0.283018867924528,2000
12,Netherlands,14,0.264150943396226,2000
13,Yugoslavia,14,0.264150943396226,2000
14,Poland,13,0.245283018867925,2000
15,Austria,12,0.226415094339623,2000
16,Czechoslovakia,11,0.207547169811321,2000
17,Belgium,9,0.169811320754717,2000
18,Mexico,8,0.150943396226415,2000
19,Romania,8,0.150943396226415,2000
20,Chile,7,0.132075471698113,2000
21,Portugal,6,0.113207547169811,2000
22,Switzerland,6,0.113207547169811,2000
23,Croatia,5,0.0943396226415094,2000
24,Denmark,5,0.0943396226415094,2000
25,Nigeria,4,0.0754716981132076,2000
26,Paraguay,4,0.0754716981132076,2000
27,Peru,4,0.0754716981132076,2000
28,Scotland,4,0.0754716981132076,2000
29,United States,4,0.0754716981132076,2000
30,Bulgaria,3,0.0566037735849057,2000
31,Cameroon,3,0.0566037735849057,2000
32,Colombia,3,0.0566037735849057,2000
33,Northern Ireland,3,0.0566037735849057,2000
34,Algeria,2,0.0377358490566038,2000
35,Costa Rica,2,0.0377358490566038,2000
36,FR Yugoslavia,2,0.0377358490566038,2000
37,Morocco,2,0.0377358490566038,2000
38,Norway,2,0.0377358490566038,2000
39,Saudi Arabia,2,0.0377358490566038,2000
40,Cuba,1,0.0188679245283019,2000
41,Iran,1,0.0188679245283019,2000
42,Jamaica,1,0.0188679245283019,2000
43,North Korea,1,0.0188679245283019,2000
44,Republic of Ireland,1,0.0188679245283019,2000
45,Russia,1,0.0188679245283019,2000
46,Tunisia,1,0.0188679245283019,2000
47,Turkey,1,0.0188679245283019,2000
48,Wales,1,0.0188679245283019,2000
1,Brazil,53,1,2001
2,Germany,47,0.886792452830189,2001
3,Italy,38,0.716981132075472,2001
4,Argentina,29,0.547169811320755,2001
5,France,21,0.39622641509434,2001
6,England,20,0.377358490566038,2001
7,Spain,16,0.30188679245283,2001
8,Hungary,15,0.283018867924528,2001
9,Soviet Union,15,0.283018867924528,2001
10,Sweden,15,0.283018867924528,2001
11,Uruguay,15,0.283018867924528,2001
12,Netherlands,14,0.264150943396226,2001
13,Yugoslavia,14,0.264150943396226,2001
14,Poland,13,0.245283018867925,2001
15,Austria,12,0.226415094339623,2001
16,Czechoslovakia,11,0.207547169811321,2001
17,Belgium,9,0.169811320754717,2001
18,Mexico,8,0.150943396226415,2001
19,Romania,8,0.150943396226415,2001
20,Chile,7,0.132075471698113,2001
21,Portugal,6,0.113207547169811,2001
22,Switzerland,6,0.113207547169811,2001
23,Croatia,5,0.0943396226415094,2001
24,Denmark,5,0.0943396226415094,2001
25,Nigeria,4,0.0754716981132076,2001
26,Paraguay,4,0.0754716981132076,2001
27,Peru,4,0.0754716981132076,2001
28,Scotland,4,0.0754716981132076,2001
29,United States,4,0.0754716981132076,2001
30,Bulgaria,3,0.0566037735849057,2001
31,Cameroon,3,0.0566037735849057,2001
32,Colombia,3,0.0566037735849057,2001
33,Northern Ireland,3,0.0566037735849057,2001
34,Algeria,2,0.0377358490566038,2001
35,Costa Rica,2,0.0377358490566038,2001
36,FR Yugoslavia,2,0.0377358490566038,2001
37,Morocco,2,0.0377358490566038,2001
38,Norway,2,0.0377358490566038,2001
39,Saudi Arabia,2,0.0377358490566038,2001
40,Cuba,1,0.0188679245283019,2001
41,Iran,1,0.0188679245283019,2001
42,Jamaica,1,0.0188679245283019,2001
43,North Korea,1,0.0188679245283019,2001
44,Republic of Ireland,1,0.0188679245283019,2001
45,Russia,1,0.0188679245283019,2001
46,Tunisia,1,0.0188679245283019,2001
47,Turkey,1,0.0188679245283019,2001
48,Wales,1,0.0188679245283019,2001
1,Brazil,60,1,2002
2,Germany,52,0.866666666666667,2002
3,Italy,39,0.65,2002
4,Argentina,30,0.5,2002
5,England,22,0.366666666666667,2002
6,France,21,0.35,2002
7,Spain,19,0.316666666666667,2002
8,Sweden,16,0.266666666666667,2002
9,Hungary,15,0.25,2002
10,Soviet Union,15,0.25,2002
11,Uruguay,15,0.25,2002
12,Netherlands,14,0.233333333333333,2002
13,Poland,14,0.233333333333333,2002
14,Yugoslavia,14,0.233333333333333,2002
15,Austria,12,0.2,2002
16,Czechoslovakia,11,0.183333333333333,2002
17,Belgium,10,0.166666666666667,2002
18,Mexico,10,0.166666666666667,2002
19,Romania,8,0.133333333333333,2002
20,Chile,7,0.116666666666667,2002
21,Denmark,7,0.116666666666667,2002
22,Portugal,7,0.116666666666667,2002
23,Croatia,6,0.1,2002
24,Switzerland,6,0.1,2002
25,United States,6,0.1,2002
26,Paraguay,5,0.0833333333333333,2002
27,Turkey,5,0.0833333333333333,2002
28,Cameroon,4,0.0666666666666667,2002
29,Nigeria,4,0.0666666666666667,2002
30,Peru,4,0.0666666666666667,2002
31,Scotland,4,0.0666666666666667,2002
32,Bulgaria,3,0.05,2002
33,Colombia,3,0.05,2002
34,Costa Rica,3,0.05,2002
35,Northern Ireland,3,0.05,2002
36,South Korea,3,0.05,2002
37,Algeria,2,0.0333333333333333,2002
38,FR Yugoslavia,2,0.0333333333333333,2002
39,Japan,2,0.0333333333333333,2002
40,Morocco,2,0.0333333333333333,2002
41,Norway,2,0.0333333333333333,2002
42,Republic of Ireland,2,0.0333333333333333,2002
43,Russia,2,0.0333333333333333,2002
44,Saudi Arabia,2,0.0333333333333333,2002
45,Senegal,2,0.0333333333333333,2002
46,Cuba,1,0.0166666666666667,2002
47,Ecuador,1,0.0166666666666667,2002
48,Iran,1,0.0166666666666667,2002
49,Jamaica,1,0.0166666666666667,2002
50,North Korea,1,0.0166666666666667,2002
51,South Africa,1,0.0166666666666667,2002
52,Tunisia,1,0.0166666666666667,2002
53,Wales,1,0.0166666666666667,2002
1,Brazil,60,1,2003
2,Germany,52,0.866666666666667,2003
3,Italy,39,0.65,2003
4,Argentina,30,0.5,2003
5,England,22,0.366666666666667,2003
6,France,21,0.35,2003
7,Spain,19,0.316666666666667,2003
8,Sweden,16,0.266666666666667,2003
9,Hungary,15,0.25,2003
10,Soviet Union,15,0.25,2003
11,Uruguay,15,0.25,2003
12,Netherlands,14,0.233333333333333,2003
13,Poland,14,0.233333333333333,2003
14,Yugoslavia,14,0.233333333333333,2003
15,Austria,12,0.2,2003
16,Czechoslovakia,11,0.183333333333333,2003
17,Belgium,10,0.166666666666667,2003
18,Mexico,10,0.166666666666667,2003
19,Romania,8,0.133333333333333,2003
20,Chile,7,0.116666666666667,2003
21,Denmark,7,0.116666666666667,2003
22,Portugal,7,0.116666666666667,2003
23,Croatia,6,0.1,2003
24,Switzerland,6,0.1,2003
25,United States,6,0.1,2003
26,Paraguay,5,0.0833333333333333,2003
27,Turkey,5,0.0833333333333333,2003
28,Cameroon,4,0.0666666666666667,2003
29,Nigeria,4,0.0666666666666667,2003
30,Peru,4,0.0666666666666667,2003
31,Scotland,4,0.0666666666666667,2003
32,Bulgaria,3,0.05,2003
33,Colombia,3,0.05,2003
34,Costa Rica,3,0.05,2003
35,Northern Ireland,3,0.05,2003
36,South Korea,3,0.05,2003
37,Algeria,2,0.0333333333333333,2003
38,FR Yugoslavia,2,0.0333333333333333,2003
39,Japan,2,0.0333333333333333,2003
40,Morocco,2,0.0333333333333333,2003
41,Norway,2,0.0333333333333333,2003
42,Republic of Ireland,2,0.0333333333333333,2003
43,Russia,2,0.0333333333333333,2003
44,Saudi Arabia,2,0.0333333333333333,2003
45,Senegal,2,0.0333333333333333,2003
46,Cuba,1,0.0166666666666667,2003
47,Ecuador,1,0.0166666666666667,2003
48,Iran,1,0.0166666666666667,2003
49,Jamaica,1,0.0166666666666667,2003
50,North Korea,1,0.0166666666666667,2003
51,South Africa,1,0.0166666666666667,2003
52,Tunisia,1,0.0166666666666667,2003
53,Wales,1,0.0166666666666667,2003
1,Brazil,60,1,2004
2,Germany,52,0.866666666666667,2004
3,Italy,39,0.65,2004
4,Argentina,30,0.5,2004
5,England,22,0.366666666666667,2004
6,France,21,0.35,2004
7,Spain,19,0.316666666666667,2004
8,Sweden,16,0.266666666666667,2004
9,Hungary,15,0.25,2004
10,Soviet Union,15,0.25,2004
11,Uruguay,15,0.25,2004
12,Netherlands,14,0.233333333333333,2004
13,Poland,14,0.233333333333333,2004
14,Yugoslavia,14,0.233333333333333,2004
15,Austria,12,0.2,2004
16,Czechoslovakia,11,0.183333333333333,2004
17,Belgium,10,0.166666666666667,2004
18,Mexico,10,0.166666666666667,2004
19,Romania,8,0.133333333333333,2004
20,Chile,7,0.116666666666667,2004
21,Denmark,7,0.116666666666667,2004
22,Portugal,7,0.116666666666667,2004
23,Croatia,6,0.1,2004
24,Switzerland,6,0.1,2004
25,United States,6,0.1,2004
26,Paraguay,5,0.0833333333333333,2004
27,Turkey,5,0.0833333333333333,2004
28,Cameroon,4,0.0666666666666667,2004
29,Nigeria,4,0.0666666666666667,2004
30,Peru,4,0.0666666666666667,2004
31,Scotland,4,0.0666666666666667,2004
32,Bulgaria,3,0.05,2004
33,Colombia,3,0.05,2004
34,Costa Rica,3,0.05,2004
35,Northern Ireland,3,0.05,2004
36,South Korea,3,0.05,2004
37,Algeria,2,0.0333333333333333,2004
38,FR Yugoslavia,2,0.0333333333333333,2004
39,Japan,2,0.0333333333333333,2004
40,Morocco,2,0.0333333333333333,2004
41,Norway,2,0.0333333333333333,2004
42,Republic of Ireland,2,0.0333333333333333,2004
43,Russia,2,0.0333333333333333,2004
44,Saudi Arabia,2,0.0333333333333333,2004
45,Senegal,2,0.0333333333333333,2004
46,Cuba,1,0.0166666666666667,2004
47,Ecuador,1,0.0166666666666667,2004
48,Iran,1,0.0166666666666667,2004
49,Jamaica,1,0.0166666666666667,2004
50,North Korea,1,0.0166666666666667,2004
51,South Africa,1,0.0166666666666667,2004
52,Tunisia,1,0.0166666666666667,2004
53,Wales,1,0.0166666666666667,2004
1,Brazil,60,1,2005
2,Germany,52,0.866666666666667,2005
3,Italy,39,0.65,2005
4,Argentina,30,0.5,2005
5,England,22,0.366666666666667,2005
6,France,21,0.35,2005
7,Spain,19,0.316666666666667,2005
8,Sweden,16,0.266666666666667,2005
9,Hungary,15,0.25,2005
10,Soviet Union,15,0.25,2005
11,Uruguay,15,0.25,2005
12,Netherlands,14,0.233333333333333,2005
13,Poland,14,0.233333333333333,2005
14,Yugoslavia,14,0.233333333333333,2005
15,Austria,12,0.2,2005
16,Czechoslovakia,11,0.183333333333333,2005
17,Belgium,10,0.166666666666667,2005
18,Mexico,10,0.166666666666667,2005
19,Romania,8,0.133333333333333,2005
20,Chile,7,0.116666666666667,2005
21,Denmark,7,0.116666666666667,2005
22,Portugal,7,0.116666666666667,2005
23,Croatia,6,0.1,2005
24,Switzerland,6,0.1,2005
25,United States,6,0.1,2005
26,Paraguay,5,0.0833333333333333,2005
27,Turkey,5,0.0833333333333333,2005
28,Cameroon,4,0.0666666666666667,2005
29,Nigeria,4,0.0666666666666667,2005
30,Peru,4,0.0666666666666667,2005
31,Scotland,4,0.0666666666666667,2005
32,Bulgaria,3,0.05,2005
33,Colombia,3,0.05,2005
34,Costa Rica,3,0.05,2005
35,Northern Ireland,3,0.05,2005
36,South Korea,3,0.05,2005
37,Algeria,2,0.0333333333333333,2005
38,FR Yugoslavia,2,0.0333333333333333,2005
39,Japan,2,0.0333333333333333,2005
40,Morocco,2,0.0333333333333333,2005
41,Norway,2,0.0333333333333333,2005
42,Republic of Ireland,2,0.0333333333333333,2005
43,Russia,2,0.0333333333333333,2005
44,Saudi Arabia,2,0.0333333333333333,2005
45,Senegal,2,0.0333333333333333,2005
46,Cuba,1,0.0166666666666667,2005
47,Ecuador,1,0.0166666666666667,2005
48,Iran,1,0.0166666666666667,2005
49,Jamaica,1,0.0166666666666667,2005
50,North Korea,1,0.0166666666666667,2005
51,South Africa,1,0.0166666666666667,2005
52,Tunisia,1,0.0166666666666667,2005
53,Wales,1,0.0166666666666667,2005
1,Brazil,64,1,2006
2,Germany,57,0.890625,2006
3,Italy,44,0.6875,2006
4,Argentina,33,0.515625,2006
5,England,25,0.390625,2006
6,France,25,0.390625,2006
7,Spain,22,0.34375,2006
8,Sweden,17,0.265625,2006
9,Netherlands,16,0.25,2006
10,Hungary,15,0.234375,2006
11,Poland,15,0.234375,2006
12,Soviet Union,15,0.234375,2006
13,Uruguay,15,0.234375,2006
14,Yugoslavia,14,0.21875,2006
15,Austria,12,0.1875,2006
16,Czechoslovakia,11,0.171875,2006
17,Mexico,11,0.171875,2006
18,Portugal,11,0.171875,2006
19,Belgium,10,0.15625,2006
20,Romania,8,0.125,2006
21,Switzerland,8,0.125,2006
22,Chile,7,0.109375,2006
23,Denmark,7,0.109375,2006
24,Croatia,6,0.09375,2006
25,Paraguay,6,0.09375,2006
26,United States,6,0.09375,2006
27,Turkey,5,0.078125,2006
28,Cameroon,4,0.0625,2006
29,Nigeria,4,0.0625,2006
30,Peru,4,0.0625,2006
31,Scotland,4,0.0625,2006
32,South Korea,4,0.0625,2006
33,Bulgaria,3,0.046875,2006
34,Colombia,3,0.046875,2006
35,Costa Rica,3,0.046875,2006
36,Ecuador,3,0.046875,2006
37,Northern Ireland,3,0.046875,2006
38,Algeria,2,0.03125,2006
39,FR Yugoslavia,2,0.03125,2006
40,Ghana,2,0.03125,2006
41,Japan,2,0.03125,2006
42,Morocco,2,0.03125,2006
43,Norway,2,0.03125,2006
44,Republic of Ireland,2,0.03125,2006
45,Russia,2,0.03125,2006
46,Saudi Arabia,2,0.03125,2006
47,Senegal,2,0.03125,2006
48,Ukraine,2,0.03125,2006
49,Australia,1,0.015625,2006
50,Cuba,1,0.015625,2006
51,Czech Republic,1,0.015625,2006
52,Iran,1,0.015625,2006
53,Ivory Coast,1,0.015625,2006
54,Jamaica,1,0.015625,2006
55,North Korea,1,0.015625,2006
56,South Africa,1,0.015625,2006
57,Tunisia,1,0.015625,2006
58,Wales,1,0.015625,2006
1,Brazil,64,1,2007
2,Germany,57,0.890625,2007
3,Italy,44,0.6875,2007
4,Argentina,33,0.515625,2007
5,England,25,0.390625,2007
6,France,25,0.390625,2007
7,Spain,22,0.34375,2007
8,Sweden,17,0.265625,2007
9,Netherlands,16,0.25,2007
10,Hungary,15,0.234375,2007
11,Poland,15,0.234375,2007
12,Soviet Union,15,0.234375,2007
13,Uruguay,15,0.234375,2007
14,Yugoslavia,14,0.21875,2007
15,Austria,12,0.1875,2007
16,Czechoslovakia,11,0.171875,2007
17,Mexico,11,0.171875,2007
18,Portugal,11,0.171875,2007
19,Belgium,10,0.15625,2007
20,Romania,8,0.125,2007
21,Switzerland,8,0.125,2007
22,Chile,7,0.109375,2007
23,Denmark,7,0.109375,2007
24,Croatia,6,0.09375,2007
25,Paraguay,6,0.09375,2007
26,United States,6,0.09375,2007
27,Turkey,5,0.078125,2007
28,Cameroon,4,0.0625,2007
29,Nigeria,4,0.0625,2007
30,Peru,4,0.0625,2007
31,Scotland,4,0.0625,2007
32,South Korea,4,0.0625,2007
33,Bulgaria,3,0.046875,2007
34,Colombia,3,0.046875,2007
35,Costa Rica,3,0.046875,2007
36,Ecuador,3,0.046875,2007
37,Northern Ireland,3,0.046875,2007
38,Algeria,2,0.03125,2007
39,FR Yugoslavia,2,0.03125,2007
40,Ghana,2,0.03125,2007
41,Japan,2,0.03125,2007
42,Morocco,2,0.03125,2007
43,Norway,2,0.03125,2007
44,Republic of Ireland,2,0.03125,2007
45,Russia,2,0.03125,2007
46,Saudi Arabia,2,0.03125,2007
47,Senegal,2,0.03125,2007
48,Ukraine,2,0.03125,2007
49,Australia,1,0.015625,2007
50,Cuba,1,0.015625,2007
51,Czech Republic,1,0.015625,2007
52,Iran,1,0.015625,2007
53,Ivory Coast,1,0.015625,2007
54,Jamaica,1,0.015625,2007
55,North Korea,1,0.015625,2007
56,South Africa,1,0.015625,2007
57,Tunisia,1,0.015625,2007
58,Wales,1,0.015625,2007
1,Brazil,64,1,2008
2,Germany,57,0.890625,2008
3,Italy,44,0.6875,2008
4,Argentina,33,0.515625,2008
5,England,25,0.390625,2008
6,France,25,0.390625,2008
7,Spain,22,0.34375,2008
8,Sweden,17,0.265625,2008
9,Netherlands,16,0.25,2008
10,Hungary,15,0.234375,2008
11,Poland,15,0.234375,2008
12,Soviet Union,15,0.234375,2008
13,Uruguay,15,0.234375,2008
14,Yugoslavia,14,0.21875,2008
15,Austria,12,0.1875,2008
16,Czechoslovakia,11,0.171875,2008
17,Mexico,11,0.171875,2008
18,Portugal,11,0.171875,2008
19,Belgium,10,0.15625,2008
20,Romania,8,0.125,2008
21,Switzerland,8,0.125,2008
22,Chile,7,0.109375,2008
23,Denmark,7,0.109375,2008
24,Croatia,6,0.09375,2008
25,Paraguay,6,0.09375,2008
26,United States,6,0.09375,2008
27,Turkey,5,0.078125,2008
28,Cameroon,4,0.0625,2008
29,Nigeria,4,0.0625,2008
30,Peru,4,0.0625,2008
31,Scotland,4,0.0625,2008
32,South Korea,4,0.0625,2008
33,Bulgaria,3,0.046875,2008
34,Colombia,3,0.046875,2008
35,Costa Rica,3,0.046875,2008
36,Ecuador,3,0.046875,2008
37,Northern Ireland,3,0.046875,2008
38,Algeria,2,0.03125,2008
39,FR Yugoslavia,2,0.03125,2008
40,Ghana,2,0.03125,2008
41,Japan,2,0.03125,2008
42,Morocco,2,0.03125,2008
43,Norway,2,0.03125,2008
44,Republic of Ireland,2,0.03125,2008
45,Russia,2,0.03125,2008
46,Saudi Arabia,2,0.03125,2008
47,Senegal,2,0.03125,2008
48,Ukraine,2,0.03125,2008
49,Australia,1,0.015625,2008
50,Cuba,1,0.015625,2008
51,Czech Republic,1,0.015625,2008
52,Iran,1,0.015625,2008
53,Ivory Coast,1,0.015625,2008
54,Jamaica,1,0.015625,2008
55,North Korea,1,0.015625,2008
56,South Africa,1,0.015625,2008
57,Tunisia,1,0.015625,2008
58,Wales,1,0.015625,2008
1,Brazil,64,1,2009
2,Germany,57,0.890625,2009
3,Italy,44,0.6875,2009
4,Argentina,33,0.515625,2009
5,England,25,0.390625,2009
6,France,25,0.390625,2009
7,Spain,22,0.34375,2009
8,Sweden,17,0.265625,2009
9,Netherlands,16,0.25,2009
10,Hungary,15,0.234375,2009
11,Poland,15,0.234375,2009
12,Soviet Union,15,0.234375,2009
13,Uruguay,15,0.234375,2009
14,Yugoslavia,14,0.21875,2009
15,Austria,12,0.1875,2009
16,Czechoslovakia,11,0.171875,2009
17,Mexico,11,0.171875,2009
18,Portugal,11,0.171875,2009
19,Belgium,10,0.15625,2009
20,Romania,8,0.125,2009
21,Switzerland,8,0.125,2009
22,Chile,7,0.109375,2009
23,Denmark,7,0.109375,2009
24,Croatia,6,0.09375,2009
25,Paraguay,6,0.09375,2009
26,United States,6,0.09375,2009
27,Turkey,5,0.078125,2009
28,Cameroon,4,0.0625,2009
29,Nigeria,4,0.0625,2009
30,Peru,4,0.0625,2009
31,Scotland,4,0.0625,2009
32,South Korea,4,0.0625,2009
33,Bulgaria,3,0.046875,2009
34,Colombia,3,0.046875,2009
35,Costa Rica,3,0.046875,2009
36,Ecuador,3,0.046875,2009
37,Northern Ireland,3,0.046875,2009
38,Algeria,2,0.03125,2009
39,FR Yugoslavia,2,0.03125,2009
40,Ghana,2,0.03125,2009
41,Japan,2,0.03125,2009
42,Morocco,2,0.03125,2009
43,Norway,2,0.03125,2009
44,Republic of Ireland,2,0.03125,2009
45,Russia,2,0.03125,2009
46,Saudi Arabia,2,0.03125,2009
47,Senegal,2,0.03125,2009
48,Ukraine,2,0.03125,2009
49,Australia,1,0.015625,2009
50,Cuba,1,0.015625,2009
51,Czech Republic,1,0.015625,2009
52,Iran,1,0.015625,2009
53,Ivory Coast,1,0.015625,2009
54,Jamaica,1,0.015625,2009
55,North Korea,1,0.015625,2009
56,South Africa,1,0.015625,2009
57,Tunisia,1,0.015625,2009
58,Wales,1,0.015625,2009
1,Brazil,67,1,2010
2,Germany,62,0.925373134328358,2010
3,Italy,44,0.656716417910448,2010
4,Argentina,37,0.552238805970149,2010
5,Spain,28,0.417910447761194,2010
6,England,26,0.388059701492537,2010
7,France,25,0.373134328358209,2010
8,Netherlands,22,0.328358208955224,2010
9,Uruguay,18,0.26865671641791,2010
10,Sweden,17,0.253731343283582,2010
11,Hungary,15,0.223880597014925,2010
12,Poland,15,0.223880597014925,2010
13,Soviet Union,15,0.223880597014925,2010
14,Yugoslavia,14,0.208955223880597,2010
15,Austria,12,0.17910447761194,2010
16,Mexico,12,0.17910447761194,2010
17,Portugal,12,0.17910447761194,2010
18,Czechoslovakia,11,0.164179104477612,2010
19,Belgium,10,0.149253731343284,2010
20,Chile,9,0.134328358208955,2010
21,Switzerland,9,0.134328358208955,2010
22,Denmark,8,0.119402985074627,2010
23,Romania,8,0.119402985074627,2010
24,Paraguay,7,0.104477611940299,2010
25,United States,7,0.104477611940299,2010
26,Croatia,6,0.0895522388059701,2010
27,South Korea,5,0.0746268656716418,2010
28,Turkey,5,0.0746268656716418,2010
29,Cameroon,4,0.0597014925373134,2010
30,Ghana,4,0.0597014925373134,2010
31,Japan,4,0.0597014925373134,2010
32,Nigeria,4,0.0597014925373134,2010
33,Peru,4,0.0597014925373134,2010
34,Scotland,4,0.0597014925373134,2010
35,Bulgaria,3,0.0447761194029851,2010
36,Colombia,3,0.0447761194029851,2010
37,Costa Rica,3,0.0447761194029851,2010
38,Ecuador,3,0.0447761194029851,2010
39,Northern Ireland,3,0.0447761194029851,2010
40,Algeria,2,0.0298507462686567,2010
41,Australia,2,0.0298507462686567,2010
42,FR Yugoslavia,2,0.0298507462686567,2010
43,Ivory Coast,2,0.0298507462686567,2010
44,Morocco,2,0.0298507462686567,2010
45,Norway,2,0.0298507462686567,2010
46,Republic of Ireland,2,0.0298507462686567,2010
47,Russia,2,0.0298507462686567,2010
48,Saudi Arabia,2,0.0298507462686567,2010
49,Senegal,2,0.0298507462686567,2010
50,South Africa,2,0.0298507462686567,2010
51,Ukraine,2,0.0298507462686567,2010
52,Cuba,1,0.0149253731343284,2010
53,Czech Republic,1,0.0149253731343284,2010
54,Greece,1,0.0149253731343284,2010
55,Iran,1,0.0149253731343284,2010
56,Jamaica,1,0.0149253731343284,2010
57,North Korea,1,0.0149253731343284,2010
58,Serbia,1,0.0149253731343284,2010
59,Slovakia,1,0.0149253731343284,2010
60,Slovenia,1,0.0149253731343284,2010
61,Tunisia,1,0.0149253731343284,2010
62,Wales,1,0.0149253731343284,2010
1,Brazil,67,1,2011
2,Germany,62,0.925373134328358,2011
3,Italy,44,0.656716417910448,2011
4,Argentina,37,0.552238805970149,2011
5,Spain,28,0.417910447761194,2011
6,England,26,0.388059701492537,2011
7,France,25,0.373134328358209,2011
8,Netherlands,22,0.328358208955224,2011
9,Uruguay,18,0.26865671641791,2011
10,Sweden,17,0.253731343283582,2011
11,Hungary,15,0.223880597014925,2011
12,Poland,15,0.223880597014925,2011
13,Soviet Union,15,0.223880597014925,2011
14,Yugoslavia,14,0.208955223880597,2011
15,Austria,12,0.17910447761194,2011
16,Mexico,12,0.17910447761194,2011
17,Portugal,12,0.17910447761194,2011
18,Czechoslovakia,11,0.164179104477612,2011
19,Belgium,10,0.149253731343284,2011
20,Chile,9,0.134328358208955,2011
21,Switzerland,9,0.134328358208955,2011
22,Denmark,8,0.119402985074627,2011
23,Romania,8,0.119402985074627,2011
24,Paraguay,7,0.104477611940299,2011
25,United States,7,0.104477611940299,2011
26,Croatia,6,0.0895522388059701,2011
27,South Korea,5,0.0746268656716418,2011
28,Turkey,5,0.0746268656716418,2011
29,Cameroon,4,0.0597014925373134,2011
30,Ghana,4,0.0597014925373134,2011
31,Japan,4,0.0597014925373134,2011
32,Nigeria,4,0.0597014925373134,2011
33,Peru,4,0.0597014925373134,2011
34,Scotland,4,0.0597014925373134,2011
35,Bulgaria,3,0.0447761194029851,2011
36,Colombia,3,0.0447761194029851,2011
37,Costa Rica,3,0.0447761194029851,2011
38,Ecuador,3,0.0447761194029851,2011
39,Northern Ireland,3,0.0447761194029851,2011
40,Algeria,2,0.0298507462686567,2011
41,Australia,2,0.0298507462686567,2011
42,FR Yugoslavia,2,0.0298507462686567,2011
43,Ivory Coast,2,0.0298507462686567,2011
44,Morocco,2,0.0298507462686567,2011
45,Norway,2,0.0298507462686567,2011
46,Republic of Ireland,2,0.0298507462686567,2011
47,Russia,2,0.0298507462686567,2011
48,Saudi Arabia,2,0.0298507462686567,2011
49,Senegal,2,0.0298507462686567,2011
50,South Africa,2,0.0298507462686567,2011
51,Ukraine,2,0.0298507462686567,2011
52,Cuba,1,0.0149253731343284,2011
53,Czech Republic,1,0.0149253731343284,2011
54,Greece,1,0.0149253731343284,2011
55,Iran,1,0.0149253731343284,2011
56,Jamaica,1,0.0149253731343284,2011
57,North Korea,1,0.0149253731343284,2011
58,Serbia,1,0.0149253731343284,2011
59,Slovakia,1,0.0149253731343284,2011
60,Slovenia,1,0.0149253731343284,2011
61,Tunisia,1,0.0149253731343284,2011
62,Wales,1,0.0149253731343284,2011
1,Brazil,67,1,2012
2,Germany,62,0.925373134328358,2012
3,Italy,44,0.656716417910448,2012
4,Argentina,37,0.552238805970149,2012
5,Spain,28,0.417910447761194,2012
6,England,26,0.388059701492537,2012
7,France,25,0.373134328358209,2012
8,Netherlands,22,0.328358208955224,2012
9,Uruguay,18,0.26865671641791,2012
10,Sweden,17,0.253731343283582,2012
11,Hungary,15,0.223880597014925,2012
12,Poland,15,0.223880597014925,2012
13,Soviet Union,15,0.223880597014925,2012
14,Yugoslavia,14,0.208955223880597,2012
15,Austria,12,0.17910447761194,2012
16,Mexico,12,0.17910447761194,2012
17,Portugal,12,0.17910447761194,2012
18,Czechoslovakia,11,0.164179104477612,2012
19,Belgium,10,0.149253731343284,2012
20,Chile,9,0.134328358208955,2012
21,Switzerland,9,0.134328358208955,2012
22,Denmark,8,0.119402985074627,2012
23,Romania,8,0.119402985074627,2012
24,Paraguay,7,0.104477611940299,2012
25,United States,7,0.104477611940299,2012
26,Croatia,6,0.0895522388059701,2012
27,South Korea,5,0.0746268656716418,2012
28,Turkey,5,0.0746268656716418,2012
29,Cameroon,4,0.0597014925373134,2012
30,Ghana,4,0.0597014925373134,2012
31,Japan,4,0.0597014925373134,2012
32,Nigeria,4,0.0597014925373134,2012
33,Peru,4,0.0597014925373134,2012
34,Scotland,4,0.0597014925373134,2012
35,Bulgaria,3,0.0447761194029851,2012
36,Colombia,3,0.0447761194029851,2012
37,Costa Rica,3,0.0447761194029851,2012
38,Ecuador,3,0.0447761194029851,2012
39,Northern Ireland,3,0.0447761194029851,2012
40,Algeria,2,0.0298507462686567,2012
41,Australia,2,0.0298507462686567,2012
42,FR Yugoslavia,2,0.0298507462686567,2012
43,Ivory Coast,2,0.0298507462686567,2012
44,Morocco,2,0.0298507462686567,2012
45,Norway,2,0.0298507462686567,2012
46,Republic of Ireland,2,0.0298507462686567,2012
47,Russia,2,0.0298507462686567,2012
48,Saudi Arabia,2,0.0298507462686567,2012
49,Senegal,2,0.0298507462686567,2012
50,South Africa,2,0.0298507462686567,2012
51,Ukraine,2,0.0298507462686567,2012
52,Cuba,1,0.0149253731343284,2012
53,Czech Republic,1,0.0149253731343284,2012
54,Greece,1,0.0149253731343284,2012
55,Iran,1,0.0149253731343284,2012
56,Jamaica,1,0.0149253731343284,2012
57,North Korea,1,0.0149253731343284,2012
58,Serbia,1,0.0149253731343284,2012
59,Slovakia,1,0.0149253731343284,2012
60,Slovenia,1,0.0149253731343284,2012
61,Tunisia,1,0.0149253731343284,2012
62,Wales,1,0.0149253731343284,2012
1,Brazil,67,1,2013
2,Germany,62,0.925373134328358,2013
3,Italy,44,0.656716417910448,2013
4,Argentina,37,0.552238805970149,2013
5,Spain,28,0.417910447761194,2013
6,England,26,0.388059701492537,2013
7,France,25,0.373134328358209,2013
8,Netherlands,22,0.328358208955224,2013
9,Uruguay,18,0.26865671641791,2013
10,Sweden,17,0.253731343283582,2013
11,Hungary,15,0.223880597014925,2013
12,Poland,15,0.223880597014925,2013
13,Soviet Union,15,0.223880597014925,2013
14,Yugoslavia,14,0.208955223880597,2013
15,Austria,12,0.17910447761194,2013
16,Mexico,12,0.17910447761194,2013
17,Portugal,12,0.17910447761194,2013
18,Czechoslovakia,11,0.164179104477612,2013
19,Belgium,10,0.149253731343284,2013
20,Chile,9,0.134328358208955,2013
21,Switzerland,9,0.134328358208955,2013
22,Denmark,8,0.119402985074627,2013
23,Romania,8,0.119402985074627,2013
24,Paraguay,7,0.104477611940299,2013
25,United States,7,0.104477611940299,2013
26,Croatia,6,0.0895522388059701,2013
27,South Korea,5,0.0746268656716418,2013
28,Turkey,5,0.0746268656716418,2013
29,Cameroon,4,0.0597014925373134,2013
30,Ghana,4,0.0597014925373134,2013
31,Japan,4,0.0597014925373134,2013
32,Nigeria,4,0.0597014925373134,2013
33,Peru,4,0.0597014925373134,2013
34,Scotland,4,0.0597014925373134,2013
35,Bulgaria,3,0.0447761194029851,2013
36,Colombia,3,0.0447761194029851,2013
37,Costa Rica,3,0.0447761194029851,2013
38,Ecuador,3,0.0447761194029851,2013
39,Northern Ireland,3,0.0447761194029851,2013
40,Algeria,2,0.0298507462686567,2013
41,Australia,2,0.0298507462686567,2013
42,FR Yugoslavia,2,0.0298507462686567,2013
43,Ivory Coast,2,0.0298507462686567,2013
44,Morocco,2,0.0298507462686567,2013
45,Norway,2,0.0298507462686567,2013
46,Republic of Ireland,2,0.0298507462686567,2013
47,Russia,2,0.0298507462686567,2013
48,Saudi Arabia,2,0.0298507462686567,2013
49,Senegal,2,0.0298507462686567,2013
50,South Africa,2,0.0298507462686567,2013
51,Ukraine,2,0.0298507462686567,2013
52,Cuba,1,0.0149253731343284,2013
53,Czech Republic,1,0.0149253731343284,2013
54,Greece,1,0.0149253731343284,2013
55,Iran,1,0.0149253731343284,2013
56,Jamaica,1,0.0149253731343284,2013
57,North Korea,1,0.0149253731343284,2013
58,Serbia,1,0.0149253731343284,2013
59,Slovakia,1,0.0149253731343284,2013
60,Slovenia,1,0.0149253731343284,2013
61,Tunisia,1,0.0149253731343284,2013
62,Wales,1,0.0149253731343284,2013
1,Brazil,70,1,2014
2,Germany,68,0.971428571428571,2014
3,Italy,45,0.642857142857143,2014
4,Argentina,42,0.6,2014
5,Spain,29,0.414285714285714,2014
6,France,28,0.4,2014
7,Netherlands,27,0.385714285714286,2014
8,England,26,0.371428571428571,2014
9,Uruguay,20,0.285714285714286,2014
10,Sweden,17,0.242857142857143,2014
11,Hungary,15,0.214285714285714,2014
12,Poland,15,0.214285714285714,2014
13,Soviet Union,15,0.214285714285714,2014
14,Belgium,14,0.2,2014
15,Mexico,14,0.2,2014
16,Yugoslavia,14,0.2,2014
17,Portugal,13,0.185714285714286,2014
18,Austria,12,0.171428571428571,2014
19,Chile,11,0.157142857142857,2014
20,Czechoslovakia,11,0.157142857142857,2014
21,Switzerland,11,0.157142857142857,2014
22,Denmark,8,0.114285714285714,2014
23,Romania,8,0.114285714285714,2014
24,United States,8,0.114285714285714,2014
25,Colombia,7,0.1,2014
26,Croatia,7,0.1,2014
27,Paraguay,7,0.1,2014
28,Costa Rica,5,0.0714285714285714,2014
29,Nigeria,5,0.0714285714285714,2014
30,South Korea,5,0.0714285714285714,2014
31,Turkey,5,0.0714285714285714,2014
32,Cameroon,4,0.0571428571428571,2014
33,Ecuador,4,0.0571428571428571,2014
34,Ghana,4,0.0571428571428571,2014
35,Japan,4,0.0571428571428571,2014
36,Peru,4,0.0571428571428571,2014
37,Scotland,4,0.0571428571428571,2014
38,Algeria,3,0.0428571428571429,2014
39,Bulgaria,3,0.0428571428571429,2014
40,Ivory Coast,3,0.0428571428571429,2014
41,Northern Ireland,3,0.0428571428571429,2014
42,Australia,2,0.0285714285714286,2014
43,FR Yugoslavia,2,0.0285714285714286,2014
44,Greece,2,0.0285714285714286,2014
45,Morocco,2,0.0285714285714286,2014
46,Norway,2,0.0285714285714286,2014
47,Republic of Ireland,2,0.0285714285714286,2014
48,Russia,2,0.0285714285714286,2014
49,Saudi Arabia,2,0.0285714285714286,2014
50,Senegal,2,0.0285714285714286,2014
51,South Africa,2,0.0285714285714286,2014
52,Ukraine,2,0.0285714285714286,2014
53,Bosnia and Herzegovina,1,0.0142857142857143,2014
54,Cuba,1,0.0142857142857143,2014
55,Czech Republic,1,0.0142857142857143,2014
56,Iran,1,0.0142857142857143,2014
57,Jamaica,1,0.0142857142857143,2014
58,North Korea,1,0.0142857142857143,2014
59,Serbia,1,0.0142857142857143,2014
60,Slovakia,1,0.0142857142857143,2014
61,Slovenia,1,0.0142857142857143,2014
62,Tunisia,1,0.0142857142857143,2014
63,Wales,1,0.0142857142857143,2014
1,Brazil,70,1,2015
2,Germany,68,0.971428571428571,2015
3,Italy,45,0.642857142857143,2015
4,Argentina,42,0.6,2015
5,Spain,29,0.414285714285714,2015
6,France,28,0.4,2015
7,Netherlands,27,0.385714285714286,2015
8,England,26,0.371428571428571,2015
9,Uruguay,20,0.285714285714286,2015
10,Sweden,17,0.242857142857143,2015
11,Hungary,15,0.214285714285714,2015
12,Poland,15,0.214285714285714,2015
13,Soviet Union,15,0.214285714285714,2015
14,Belgium,14,0.2,2015
15,Mexico,14,0.2,2015
16,Yugoslavia,14,0.2,2015
17,Portugal,13,0.185714285714286,2015
18,Austria,12,0.171428571428571,2015
19,Chile,11,0.157142857142857,2015
20,Czechoslovakia,11,0.157142857142857,2015
21,Switzerland,11,0.157142857142857,2015
22,Denmark,8,0.114285714285714,2015
23,Romania,8,0.114285714285714,2015
24,United States,8,0.114285714285714,2015
25,Colombia,7,0.1,2015
26,Croatia,7,0.1,2015
27,Paraguay,7,0.1,2015
28,Costa Rica,5,0.0714285714285714,2015
29,Nigeria,5,0.0714285714285714,2015
30,South Korea,5,0.0714285714285714,2015
31,Turkey,5,0.0714285714285714,2015
32,Cameroon,4,0.0571428571428571,2015
33,Ecuador,4,0.0571428571428571,2015
34,Ghana,4,0.0571428571428571,2015
35,Japan,4,0.0571428571428571,2015
36,Peru,4,0.0571428571428571,2015
37,Scotland,4,0.0571428571428571,2015
38,Algeria,3,0.0428571428571429,2015
39,Bulgaria,3,0.0428571428571429,2015
40,Ivory Coast,3,0.0428571428571429,2015
41,Northern Ireland,3,0.0428571428571429,2015
42,Australia,2,0.0285714285714286,2015
43,FR Yugoslavia,2,0.0285714285714286,2015
44,Greece,2,0.0285714285714286,2015
45,Morocco,2,0.0285714285714286,2015
46,Norway,2,0.0285714285714286,2015
47,Republic of Ireland,2,0.0285714285714286,2015
48,Russia,2,0.0285714285714286,2015
49,Saudi Arabia,2,0.0285714285714286,2015
50,Senegal,2,0.0285714285714286,2015
51,South Africa,2,0.0285714285714286,2015
52,Ukraine,2,0.0285714285714286,2015
53,Bosnia and Herzegovina,1,0.0142857142857143,2015
54,Cuba,1,0.0142857142857143,2015
55,Czech Republic,1,0.0142857142857143,2015
56,Iran,1,0.0142857142857143,2015
57,Jamaica,1,0.0142857142857143,2015
58,North Korea,1,0.0142857142857143,2015
59,Serbia,1,0.0142857142857143,2015
60,Slovakia,1,0.0142857142857143,2015
61,Slovenia,1,0.0142857142857143,2015
62,Tunisia,1,0.0142857142857143,2015
63,Wales,1,0.0142857142857143,2015
1,Brazil,70,1,2016
2,Germany,68,0.971428571428571,2016
3,Italy,45,0.642857142857143,2016
4,Argentina,42,0.6,2016
5,Spain,29,0.414285714285714,2016
6,France,28,0.4,2016
7,Netherlands,27,0.385714285714286,2016
8,England,26,0.371428571428571,2016
9,Uruguay,20,0.285714285714286,2016
10,Sweden,17,0.242857142857143,2016
11,Hungary,15,0.214285714285714,2016
12,Poland,15,0.214285714285714,2016
13,Soviet Union,15,0.214285714285714,2016
14,Belgium,14,0.2,2016
15,Mexico,14,0.2,2016
16,Yugoslavia,14,0.2,2016
17,Portugal,13,0.185714285714286,2016
18,Austria,12,0.171428571428571,2016
19,Chile,11,0.157142857142857,2016
20,Czechoslovakia,11,0.157142857142857,2016
21,Switzerland,11,0.157142857142857,2016
22,Denmark,8,0.114285714285714,2016
23,Romania,8,0.114285714285714,2016
24,United States,8,0.114285714285714,2016
25,Colombia,7,0.1,2016
26,Croatia,7,0.1,2016
27,Paraguay,7,0.1,2016
28,Costa Rica,5,0.0714285714285714,2016
29,Nigeria,5,0.0714285714285714,2016
30,South Korea,5,0.0714285714285714,2016
31,Turkey,5,0.0714285714285714,2016
32,Cameroon,4,0.0571428571428571,2016
33,Ecuador,4,0.0571428571428571,2016
34,Ghana,4,0.0571428571428571,2016
35,Japan,4,0.0571428571428571,2016
36,Peru,4,0.0571428571428571,2016
37,Scotland,4,0.0571428571428571,2016
38,Algeria,3,0.0428571428571429,2016
39,Bulgaria,3,0.0428571428571429,2016
40,Ivory Coast,3,0.0428571428571429,2016
41,Northern Ireland,3,0.0428571428571429,2016
42,Australia,2,0.0285714285714286,2016
43,FR Yugoslavia,2,0.0285714285714286,2016
44,Greece,2,0.0285714285714286,2016
45,Morocco,2,0.0285714285714286,2016
46,Norway,2,0.0285714285714286,2016
47,Republic of Ireland,2,0.0285714285714286,2016
48,Russia,2,0.0285714285714286,2016
49,Saudi Arabia,2,0.0285714285714286,2016
50,Senegal,2,0.0285714285714286,2016
51,South Africa,2,0.0285714285714286,2016
52,Ukraine,2,0.0285714285714286,2016
53,Bosnia and Herzegovina,1,0.0142857142857143,2016
54,Cuba,1,0.0142857142857143,2016
55,Czech Republic,1,0.0142857142857143,2016
56,Iran,1,0.0142857142857143,2016
57,Jamaica,1,0.0142857142857143,2016
58,North Korea,1,0.0142857142857143,2016
59,Serbia,1,0.0142857142857143,2016
60,Slovakia,1,0.0142857142857143,2016
61,Slovenia,1,0.0142857142857143,2016
62,Tunisia,1,0.0142857142857143,2016
63,Wales,1,0.0142857142857143,2016
1,Brazil,70,1,2017
2,Germany,68,0.971428571428571,2017
3,Italy,45,0.642857142857143,2017
4,Argentina,42,0.6,2017
5,Spain,29,0.414285714285714,2017
6,France,28,0.4,2017
7,Netherlands,27,0.385714285714286,2017
8,England,26,0.371428571428571,2017
9,Uruguay,20,0.285714285714286,2017
10,Sweden,17,0.242857142857143,2017
11,Hungary,15,0.214285714285714,2017
12,Poland,15,0.214285714285714,2017
13,Soviet Union,15,0.214285714285714,2017
14,Belgium,14,0.2,2017
15,Mexico,14,0.2,2017
16,Yugoslavia,14,0.2,2017
17,Portugal,13,0.185714285714286,2017
18,Austria,12,0.171428571428571,2017
19,Chile,11,0.157142857142857,2017
20,Czechoslovakia,11,0.157142857142857,2017
21,Switzerland,11,0.157142857142857,2017
22,Denmark,8,0.114285714285714,2017
23,Romania,8,0.114285714285714,2017
24,United States,8,0.114285714285714,2017
25,Colombia,7,0.1,2017
26,Croatia,7,0.1,2017
27,Paraguay,7,0.1,2017
28,Costa Rica,5,0.0714285714285714,2017
29,Nigeria,5,0.0714285714285714,2017
30,South Korea,5,0.0714285714285714,2017
31,Turkey,5,0.0714285714285714,2017
32,Cameroon,4,0.0571428571428571,2017
33,Ecuador,4,0.0571428571428571,2017
34,Ghana,4,0.0571428571428571,2017
35,Japan,4,0.0571428571428571,2017
36,Peru,4,0.0571428571428571,2017
37,Scotland,4,0.0571428571428571,2017
38,Algeria,3,0.0428571428571429,2017
39,Bulgaria,3,0.0428571428571429,2017
40,Ivory Coast,3,0.0428571428571429,2017
41,Northern Ireland,3,0.0428571428571429,2017
42,Australia,2,0.0285714285714286,2017
43,FR Yugoslavia,2,0.0285714285714286,2017
44,Greece,2,0.0285714285714286,2017
45,Morocco,2,0.0285714285714286,2017
46,Norway,2,0.0285714285714286,2017
47,Republic of Ireland,2,0.0285714285714286,2017
48,Russia,2,0.0285714285714286,2017
49,Saudi Arabia,2,0.0285714285714286,2017
50,Senegal,2,0.0285714285714286,2017
51,South Africa,2,0.0285714285714286,2017
52,Ukraine,2,0.0285714285714286,2017
53,Bosnia and Herzegovina,1,0.0142857142857143,2017
54,Cuba,1,0.0142857142857143,2017
55,Czech Republic,1,0.0142857142857143,2017
56,Iran,1,0.0142857142857143,2017
57,Jamaica,1,0.0142857142857143,2017
58,North Korea,1,0.0142857142857143,2017
59,Serbia,1,0.0142857142857143,2017
60,Slovakia,1,0.0142857142857143,2017
61,Slovenia,1,0.0142857142857143,2017
62,Tunisia,1,0.0142857142857143,2017
63,Wales,1,0.0142857142857143,2017
1,Brazil,73,1,2018
2,Germany,69,0.945205479452055,2018
3,Italy,45,0.616438356164384,2018
4,Argentina,43,0.589041095890411,2018
5,France,34,0.465753424657534,2018
6,Spain,30,0.410958904109589,2018
7,England,29,0.397260273972603,2018
8,Netherlands,27,0.36986301369863,2018
9,Uruguay,24,0.328767123287671,2018
10,Belgium,20,0.273972602739726,2018
11,Sweden,20,0.273972602739726,2018
12,Mexico,16,0.219178082191781,2018
13,Poland,16,0.219178082191781,2018
14,Hungary,15,0.205479452054795,2018
15,Soviet Union,15,0.205479452054795,2018
16,Portugal,14,0.191780821917808,2018
17,Yugoslavia,14,0.191780821917808,2018
18,Austria,12,0.164383561643836,2018
19,Switzerland,12,0.164383561643836,2018
20,Chile,11,0.150684931506849,2018
21,Croatia,11,0.150684931506849,2018
22,Czechoslovakia,11,0.150684931506849,2018
23,Colombia,9,0.123287671232877,2018
24,Denmark,9,0.123287671232877,2018
25,Romania,8,0.10958904109589,2018
26,United States,8,0.10958904109589,2018
27,Paraguay,7,0.0958904109589041,2018
28,Nigeria,6,0.0821917808219178,2018
29,South Korea,6,0.0821917808219178,2018
30,Costa Rica,5,0.0684931506849315,2018
31,Japan,5,0.0684931506849315,2018
32,Peru,5,0.0684931506849315,2018
33,Turkey,5,0.0684931506849315,2018
34,Cameroon,4,0.0547945205479452,2018
35,Ecuador,4,0.0547945205479452,2018
36,Ghana,4,0.0547945205479452,2018
37,Russia,4,0.0547945205479452,2018
38,Scotland,4,0.0547945205479452,2018
39,Algeria,3,0.0410958904109589,2018
40,Bulgaria,3,0.0410958904109589,2018
41,Ivory Coast,3,0.0410958904109589,2018
42,Northern Ireland,3,0.0410958904109589,2018
43,Saudi Arabia,3,0.0410958904109589,2018
44,Senegal,3,0.0410958904109589,2018
45,Australia,2,0.0273972602739726,2018
46,FR Yugoslavia,2,0.0273972602739726,2018
47,Greece,2,0.0273972602739726,2018
48,Iran,2,0.0273972602739726,2018
49,Morocco,2,0.0273972602739726,2018
50,Norway,2,0.0273972602739726,2018
51,Republic of Ireland,2,0.0273972602739726,2018
52,Serbia,2,0.0273972602739726,2018
53,South Africa,2,0.0273972602739726,2018
54,Tunisia,2,0.0273972602739726,2018
55,Ukraine,2,0.0273972602739726,2018
56,Bosnia and Herzegovina,1,0.0136986301369863,2018
57,Cuba,1,0.0136986301369863,2018
58,Czech Republic,1,0.0136986301369863,2018
59,Jamaica,1,0.0136986301369863,2018
60,North Korea,1,0.0136986301369863,2018
61,Slovakia,1,0.0136986301369863,2018
62,Slovenia,1,0.0136986301369863,2018
63,Wales,1,0.0136986301369863,2018
1,Brazil,73,1,2019
2,Germany,69,0.945205479452055,2019
3,Italy,45,0.616438356164384,2019
4,Argentina,43,0.589041095890411,2019
5,France,34,0.465753424657534,2019
6,Spain,30,0.410958904109589,2019
7,England,29,0.397260273972603,2019
8,Netherlands,27,0.36986301369863,2019
9,Uruguay,24,0.328767123287671,2019
10,Belgium,20,0.273972602739726,2019
11,Sweden,20,0.273972602739726,2019
12,Mexico,16,0.219178082191781,2019
13,Poland,16,0.219178082191781,2019
14,Hungary,15,0.205479452054795,2019
15,Soviet Union,15,0.205479452054795,2019
16,Portugal,14,0.191780821917808,2019
17,Yugoslavia,14,0.191780821917808,2019
18,Austria,12,0.164383561643836,2019
19,Switzerland,12,0.164383561643836,2019
20,Chile,11,0.150684931506849,2019
21,Croatia,11,0.150684931506849,2019
22,Czechoslovakia,11,0.150684931506849,2019
23,Colombia,9,0.123287671232877,2019
24,Denmark,9,0.123287671232877,2019
25,Romania,8,0.10958904109589,2019
26,United States,8,0.10958904109589,2019
27,Paraguay,7,0.0958904109589041,2019
28,Nigeria,6,0.0821917808219178,2019
29,South Korea,6,0.0821917808219178,2019
30,Costa Rica,5,0.0684931506849315,2019
31,Japan,5,0.0684931506849315,2019
32,Peru,5,0.0684931506849315,2019
33,Turkey,5,0.0684931506849315,2019
34,Cameroon,4,0.0547945205479452,2019
35,Ecuador,4,0.0547945205479452,2019
36,Ghana,4,0.0547945205479452,2019
37,Russia,4,0.0547945205479452,2019
38,Scotland,4,0.0547945205479452,2019
39,Algeria,3,0.0410958904109589,2019
40,Bulgaria,3,0.0410958904109589,2019
41,Ivory Coast,3,0.0410958904109589,2019
42,Northern Ireland,3,0.0410958904109589,2019
43,Saudi Arabia,3,0.0410958904109589,2019
44,Senegal,3,0.0410958904109589,2019
45,Australia,2,0.0273972602739726,2019
46,FR Yugoslavia,2,0.0273972602739726,2019
47,Greece,2,0.0273972602739726,2019
48,Iran,2,0.0273972602739726,2019
49,Morocco,2,0.0273972602739726,2019
50,Norway,2,0.0273972602739726,2019
51,Republic of Ireland,2,0.0273972602739726,2019
52,Serbia,2,0.0273972602739726,2019
53,South Africa,2,0.0273972602739726,2019
54,Tunisia,2,0.0273972602739726,2019
55,Ukraine,2,0.0273972602739726,2019
56,Bosnia and Herzegovina,1,0.0136986301369863,2019
57,Cuba,1,0.0136986301369863,2019
58,Czech Republic,1,0.0136986301369863,2019
59,Jamaica,1,0.0136986301369863,2019
60,North Korea,1,0.0136986301369863,2019
61,Slovakia,1,0.0136986301369863,2019
62,Slovenia,1,0.0136986301369863,2019
63,Wales,1,0.0136986301369863,2019
1,Brazil,73,1,2020
2,Germany,69,0.945205479452055,2020
3,Italy,45,0.616438356164384,2020
4,Argentina,43,0.589041095890411,2020
5,France,34,0.465753424657534,2020
6,Spain,30,0.410958904109589,2020
7,England,29,0.397260273972603,2020
8,Netherlands,27,0.36986301369863,2020
9,Uruguay,24,0.328767123287671,2020
10,Belgium,20,0.273972602739726,2020
11,Sweden,20,0.273972602739726,2020
12,Mexico,16,0.219178082191781,2020
13,Poland,16,0.219178082191781,2020
14,Hungary,15,0.205479452054795,2020
15,Soviet Union,15,0.205479452054795,2020
16,Portugal,14,0.191780821917808,2020
17,Yugoslavia,14,0.191780821917808,2020
18,Austria,12,0.164383561643836,2020
19,Switzerland,12,0.164383561643836,2020
20,Chile,11,0.150684931506849,2020
21,Croatia,11,0.150684931506849,2020
22,Czechoslovakia,11,0.150684931506849,2020
23,Colombia,9,0.123287671232877,2020
24,Denmark,9,0.123287671232877,2020
25,Romania,8,0.10958904109589,2020
26,United States,8,0.10958904109589,2020
27,Paraguay,7,0.0958904109589041,2020
28,Nigeria,6,0.0821917808219178,2020
29,South Korea,6,0.0821917808219178,2020
30,Costa Rica,5,0.0684931506849315,2020
31,Japan,5,0.0684931506849315,2020
32,Peru,5,0.0684931506849315,2020
33,Turkey,5,0.0684931506849315,2020
34,Cameroon,4,0.0547945205479452,2020
35,Ecuador,4,0.0547945205479452,2020
36,Ghana,4,0.0547945205479452,2020
37,Russia,4,0.0547945205479452,2020
38,Scotland,4,0.0547945205479452,2020
39,Algeria,3,0.0410958904109589,2020
40,Bulgaria,3,0.0410958904109589,2020
41,Ivory Coast,3,0.0410958904109589,2020
42,Northern Ireland,3,0.0410958904109589,2020
43,Saudi Arabia,3,0.0410958904109589,2020
44,Senegal,3,0.0410958904109589,2020
45,Australia,2,0.0273972602739726,2020
46,FR Yugoslavia,2,0.0273972602739726,2020
47,Greece,2,0.0273972602739726,2020
48,Iran,2,0.0273972602739726,2020
49,Morocco,2,0.0273972602739726,2020
50,Norway,2,0.0273972602739726,2020
51,Republic of Ireland,2,0.0273972602739726,2020
52,Serbia,2,0.0273972602739726,2020
53,South Africa,2,0.0273972602739726,2020
54,Tunisia,2,0.0273972602739726,2020
55,Ukraine,2,0.0273972602739726,2020
56,Bosnia and Herzegovina,1,0.0136986301369863,2020
57,Cuba,1,0.0136986301369863,2020
58,Czech Republic,1,0.0136986301369863,2020
59,Jamaica,1,0.0136986301369863,2020
60,North Korea,1,0.0136986301369863,2020
61,Slovakia,1,0.0136986301369863,2020
62,Slovenia,1,0.0136986301369863,2020
63,Wales,1,0.0136986301369863,2020
1,Brazil,73,1,2021
2,Germany,69,0.945205479452055,2021
3,Italy,45,0.616438356164384,2021
4,Argentina,43,0.589041095890411,2021
5,France,34,0.465753424657534,2021
6,Spain,30,0.410958904109589,2021
7,England,29,0.397260273972603,2021
8,Netherlands,27,0.36986301369863,2021
9,Uruguay,24,0.328767123287671,2021
10,Belgium,20,0.273972602739726,2021
11,Sweden,20,0.273972602739726,2021
12,Mexico,16,0.219178082191781,2021
13,Poland,16,0.219178082191781,2021
14,Hungary,15,0.205479452054795,2021
15,Soviet Union,15,0.205479452054795,2021
16,Portugal,14,0.191780821917808,2021
17,Yugoslavia,14,0.191780821917808,2021
18,Austria,12,0.164383561643836,2021
19,Switzerland,12,0.164383561643836,2021
20,Chile,11,0.150684931506849,2021
21,Croatia,11,0.150684931506849,2021
22,Czechoslovakia,11,0.150684931506849,2021
23,Colombia,9,0.123287671232877,2021
24,Denmark,9,0.123287671232877,2021
25,Romania,8,0.10958904109589,2021
26,United States,8,0.10958904109589,2021
27,Paraguay,7,0.0958904109589041,2021
28,Nigeria,6,0.0821917808219178,2021
29,South Korea,6,0.0821917808219178,2021
30,Costa Rica,5,0.0684931506849315,2021
31,Japan,5,0.0684931506849315,2021
32,Peru,5,0.0684931506849315,2021
33,Turkey,5,0.0684931506849315,2021
34,Cameroon,4,0.0547945205479452,2021
35,Ecuador,4,0.0547945205479452,2021
36,Ghana,4,0.0547945205479452,2021
37,Russia,4,0.0547945205479452,2021
38,Scotland,4,0.0547945205479452,2021
39,Algeria,3,0.0410958904109589,2021
40,Bulgaria,3,0.0410958904109589,2021
41,Ivory Coast,3,0.0410958904109589,2021
42,Northern Ireland,3,0.0410958904109589,2021
43,Saudi Arabia,3,0.0410958904109589,2021
44,Senegal,3,0.0410958904109589,2021
45,Australia,2,0.0273972602739726,2021
46,FR Yugoslavia,2,0.0273972602739726,2021
47,Greece,2,0.0273972602739726,2021
48,Iran,2,0.0273972602739726,2021
49,Morocco,2,0.0273972602739726,2021
50,Norway,2,0.0273972602739726,2021
51,Republic of Ireland,2,0.0273972602739726,2021
52,Serbia,2,0.0273972602739726,2021
53,South Africa,2,0.0273972602739726,2021
54,Tunisia,2,0.0273972602739726,2021
55,Ukraine,2,0.0273972602739726,2021
56,Bosnia and Herzegovina,1,0.0136986301369863,2021
57,Cuba,1,0.0136986301369863,2021
58,Czech Republic,1,0.0136986301369863,2021
59,Jamaica,1,0.0136986301369863,2021
60,North Korea,1,0.0136986301369863,2021
61,Slovakia,1,0.0136986301369863,2021
62,Slovenia,1,0.0136986301369863,2021
63,Wales,1,0.0136986301369863,2021
1,Brazil,73,1,2022
2,Germany,69,0.945205479452055,2022
3,Italy,45,0.616438356164384,2022
4,Argentina,43,0.589041095890411,2022
5,France,34,0.465753424657534,2022
6,Spain,30,0.410958904109589,2022
7,England,29,0.397260273972603,2022
8,Netherlands,27,0.36986301369863,2022
9,Uruguay,24,0.328767123287671,2022
10,Belgium,20,0.273972602739726,2022
11,Sweden,20,0.273972602739726,2022
12,Mexico,16,0.219178082191781,2022
13,Poland,16,0.219178082191781,2022
14,Hungary,15,0.205479452054795,2022
15,Soviet Union,15,0.205479452054795,2022
16,Portugal,14,0.191780821917808,2022
17,Yugoslavia,14,0.191780821917808,2022
18,Austria,12,0.164383561643836,2022
19,Switzerland,12,0.164383561643836,2022
20,Chile,11,0.150684931506849,2022
21,Croatia,11,0.150684931506849,2022
22,Czechoslovakia,11,0.150684931506849,2022
23,Colombia,9,0.123287671232877,2022
24,Denmark,9,0.123287671232877,2022
25,Romania,8,0.10958904109589,2022
26,United States,8,0.10958904109589,2022
27,Paraguay,7,0.0958904109589041,2022
28,Nigeria,6,0.0821917808219178,2022
29,South Korea,6,0.0821917808219178,2022
30,Costa Rica,5,0.0684931506849315,2022
31,Japan,5,0.0684931506849315,2022
32,Peru,5,0.0684931506849315,2022
33,Turkey,5,0.0684931506849315,2022
34,Cameroon,4,0.0547945205479452,2022
35,Ecuador,4,0.0547945205479452,2022
36,Ghana,4,0.0547945205479452,2022
37,Russia,4,0.0547945205479452,2022
38,Scotland,4,0.0547945205479452,2022
39,Algeria,3,0.0410958904109589,2022
40,Bulgaria,3,0.0410958904109589,2022
41,Ivory Coast,3,0.0410958904109589,2022
42,Northern Ireland,3,0.0410958904109589,2022
43,Saudi Arabia,3,0.0410958904109589,2022
44,Senegal,3,0.0410958904109589,2022
45,Australia,2,0.0273972602739726,2022
46,FR Yugoslavia,2,0.0273972602739726,2022
47,Greece,2,0.0273972602739726,2022
48,Iran,2,0.0273972602739726,2022
49,Morocco,2,0.0273972602739726,2022
50,Norway,2,0.0273972602739726,2022
51,Republic of Ireland,2,0.0273972602739726,2022
52,Serbia,2,0.0273972602739726,2022
53,South Africa,2,0.0273972602739726,2022
54,Tunisia,2,0.0273972602739726,2022
55,Ukraine,2,0.0273972602739726,2022
56,Bosnia and Herzegovina,1,0.0136986301369863,2022
57,Cuba,1,0.0136986301369863,2022
58,Czech Republic,1,0.0136986301369863,2022
59,Jamaica,1,0.0136986301369863,2022
60,North Korea,1,0.0136986301369863,2022
61,Slovakia,1,0.0136986301369863,2022
62,Slovenia,1,0.0136986301369863,2022
63,Wales,1,0.0136986301369863,2022
